排名,底板名称,得分
1,DHS W968 Hurricane Long 5 National,0.344
2,Butterfly Kreanga Carbon,0.3
3,Butterfly Gergely 21,0.28
4,Butterfly Fukuhara Ai Pro ZLF,0.272
5,Butterfly Jun Mizutani Super ZLC,0.269
6,Butterfly Zhang Jike Super ZLC,0.269
7,Butterfly Keyshot Light,0.263
8,Stiga Dynasty Carbon Xu Xin Edition,0.263
9,Nittaku Goriki Super Drive,0.263
10,Butterfly Harimoto Innerforce Super ZLC,0.26
11,Yasaka Max Carbon 3D,0.258
12,Butterfly Lin Yun-Ju Super ZLC,0.258
13,Butterfly Garaydia ALC,0.257
14,Stiga CC7,0.256
15,Butterfly Schlager Carbon,0.256
16,Butterfly Gergely Carbon,0.256
17,Stiga Ebenholz NCT VII (7),0.256
18,Butterfly Fan Zhendong Super ALC,0.256
19,Ariex Excellent Hinoki,0.255
20,Stiga Legacy Carbon 12k,0.254
21,Palio TCT,0.254
22,Butterfly Revoldia CNF,0.253
23,DHS Hurricane Long 5x,0.253
24,Butterfly VSG-TWIST IV,0.253
25,Yasaka Dynamix 17,0.252
26,DHS Wind CW-C,0.252
27,Butterfly Garaydia T5000,0.251
28,Darker Speed 90,0.251
29,Butterfly Sardius,0.251
30,Victas Liam Pitchford,0.251
31,Stiga Carbonado 245,0.25
32,Butterfly Zhang Jike T5000,0.249
33,Avalox J-Aramid,0.249
34,Butterfly Joo Se Hyuk,0.249
35,Yinhe Yinhe T1S,0.249
36,Butterfly Amultart ZL Carbon,0.249
37,Butterfly Boll TriCarbon,0.249
38,JOOLA Zhou Qihao Hyper ARY-C 90,0.249
39,Yinhe T-1,0.249
40,Butterfly Innerforce ALC,0.249
41,Gewo Hybrid Carbon X-Speed OFF,0.248
42,Yinhe T-4,0.247
43,Nittaku Meister Basaltec Outer,0.247
44,Stiga Carbonado 290,0.247
45,Yasaka Spelancer,0.247
46,JOOLA Vyzaryz Trinity,0.247
47,Butterfly Viscaria Super ALC,0.246
48,TSP Balsa 8.5 Top Speed,0.246
49,Yinhe T-2,0.246
50,Xiom Hayabusa ZXi,0.245
51,Butterfly Timo Boll ZLC,0.244
52,Nittaku KCZ,0.244
53,Butterfly Taksim,0.244
54,Butterfly Jun Mizutani,0.244
55,Butterfly Jun Mizutani ZLC,0.244
56,DHS Hurricane Long 2,0.243
57,Tibhar Phantom X,0.243
58,Yinhe T-4s,0.242
59,JOOLA Wing Passion Extreme,0.241
60,Donic Ovtcharov Carbospeed,0.241
61,JOOLA Kool,0.241
62,Butterfly Kong Linghui Special,0.24
63,Butterfly Iolite,0.24
64,Donic Persson Power Carbon,0.24
65,Xiom Vega Tour,0.24
66,Andro Ligna FR OFF,0.24
67,Andro Super Core Carbon Light (CL) OFF+,0.24
68,Nittaku Flame Carbon,0.24
69,Butterfly Timo Boll T5000 Tamca,0.239
70,Butterfly Innerforce T5000,0.239
71,Andro Temper Tech OFF+,0.239
72,Stiga Dynasty Carbon,0.238
73,Nittaku Tenor,0.238
74,Stiga Cybershape Carbon,0.238
75,Butterfly Moonbeam,0.237
76,Butterfly Gergely Alpha,0.237
77,Butterfly Primorac Carbon TAMCA 5000,0.237
78,Butterfly Photino Light,0.237
79,Stiga Carbonado 145,0.237
80,Nittaku Barwell Fleet,0.236
81,Stiga Hybrid Wood NCT,0.236
82,Butterfly Tiago Apolonia ZLC,0.236
83,Donic Persson World Champion 89,0.236
84,Xi Enting Shark 686,0.235
85,DHS Hurricane King III,0.235
86,DHS Hurricane Hao III,0.235
87,Stiga Carbo 7.6 WRB,0.234
88,Nittaku Acoustic Carbon Outer Large Handle,0.234
89,Nittaku Bloodwood,0.234
90,KTL (LKT) Will Power,0.234
91,Donic Epox TopSpeed,0.234
92,Andro Wanokiwami Ren OFF,0.234
93,Yinhe T-10+,0.233
94,Xiom V1 Quad,0.233
95,Victas Fire Fall VC,0.233
96,Andro Ligna OFF+,0.232
97,JOOLA Vyzaryz Hybrid,0.232
98,Yinhe T-10,0.232
99,Andro Treiber FO OFF,0.231
100,Darker AVANTIR,0.231
101,Donic Waldner Black Devil Carbon Balsa,0.231
102,Butterfly Timo Boll W7,0.231
103,Nittaku Acoustic Carbon,0.23
104,Donic Persson Carbotec,0.23
105,Stiga Intensity NCT Carbon,0.23
106,Adidas FiberTec Extreme,0.229
107,Victas Koji Matsushita Offensive,0.229
108,Nittaku Ludeack Fleet,0.229
109,Stiga Carbonado 190,0.229
110,Butterfly Ishlion,0.229
111,Victas Quartet VFC,0.229
112,JOOLA Bomb Extrem MCD,0.229
113,Butterfly Dimitrij Ovtcharov Innerforce ALC,0.229
114,Butterfly Andrzej Grubba Carbon,0.229
115,Xiom AJH TMXI,0.228
116,Butterfly Mazunov,0.228
117,Andro Treiber CO OFF,0.228
118,Butterfly Kenta Matsudaira ALC,0.228
119,Yinhe T-11+,0.227
120,Butterfly Harimoto Innerforce ZLC,0.227
121,DHS Hurricane Long 3,0.227
122,DHS Hurricane H-WL,0.227
123,Butterfly Zhang Jike ALC,0.227
124,Xiom Axelo,0.226
125,DHS 506 Ma Long,0.226
126,Andro TP_Ligna CO OFF,0.226
127,Andro CSV Carbon OFF++,0.226
128,JOOLA Energon Super PBO-c,0.226
129,Butterfly Innerforce Layer ZLC,0.226
130,Butterfly Timo Boll ALC,0.226
131,Stiga Rosewood NCT VII,0.225
132,Xiom ICE CREAM AZXi,0.225
133,Donic Wosik Senso Carbon,0.225
134,Yinhe Venus V-4,0.225
135,JOOLA Flame Extreme,0.224
136,DHS Hurricane Long 5,0.224
137,Stiga Clipper CR,0.224
138,Gewo Hybrid Carbon M-Speed Off-,0.224
139,Yinhe T-11,0.224
140,Yasaka Goiabao 5,0.224
141,Butterfly Liu Shiwen,0.223
142,Stiga Optimum Carbo,0.223
143,Hallmark Aurora,0.223
144,Yinhe T11s,0.223
145,Andro Treiber FO OFF/S,0.223
146,Donic Ovtcharov Senso V1,0.223
147,Stiga Ebenholz NCT V (5),0.223
148,Xiom V1,0.223
149,Butterfly Kong Linghui Euro,0.222
150,Yasaka Alnade,0.222
151,Yinhe N-9,0.222
152,Butterfly Innerforce ZLC,0.222
153,Tibhar CCA Unlimited,0.222
154,Yasaka Silverline All Wood,0.222
155,JOOLA Nobilis PBO-c,0.222
156,Andro Ligna Tour OFF,0.222
157,Butterfly Marcos Freitas ALC,0.222
158,DHS Hurricane Hao 656,0.222
159,Yinhe 988,0.222
160,TSP Hino-Carbon Power,0.221
161,Xiom Strato,0.221
162,Xiom Stradivarius,0.221
163,Butterfly Schlager Carbon Light,0.221
164,Donic Li Ping Kitex,0.221
165,Nittaku Acoustic Carbon Inner,0.221
166,Nittaku Violin Carbon Inner,0.22
167,Yasaka Extra Offensive 7 Power,0.22
168,DHS Fang Bo B2X,0.22
169,Yinhe Y-4,0.22
170,Stiga Rosewood XO,0.22
171,Butterfly Harimoto Tomokazu Innerforce ALC,0.22
172,Stiga Emerald VPS V,0.219
173,Darker 7P-2A.Carbon,0.219
174,XVT ZL Koto,0.219
175,Nittaku Ma Long Carbon,0.219
176,Butterfly Photino,0.219
177,Butterfly Fan Zhendong ALC,0.219
178,Andro Super Core Cell OFF+,0.219
179,Butterfly Innerforce ZLF,0.219
180,Butterfly Garaydia ZLC,0.219
181,Butterfly Viscaria,0.219
182,Stiga Rosewood NCT V,0.219
183,Avalox J-Power,0.219
184,Andro Ligna OFF,0.218
185,Butterfly Kreanga Aeros Off+,0.218
186,Butterfly Timo Boll ZLF,0.218
187,Yinhe Galaxy T2s,0.218
188,Donic Ovtcharov True Carbon,0.218
189,Yinhe T-8,0.217
190,Xiom 36.5 ALX,0.217
191,Donic Epox PowerAllround,0.217
192,Butterfly Keyshot,0.217
193,Yinhe Venus V-16,0.217
194,Xiom Hugo Calderano SAL,0.217
195,Yinhe Venus V-14 PRO,0.217
196,Donic Waldner Dotec Carbon,0.217
197,DHS Power-G PG9,0.217
198,Xiom Extreme S,0.216
199,JOOLA Fever,0.216
200,Nittaku Rutis,0.216
201,Stiga Tube Carbo WRB,0.216
202,JOOLA MC1,0.216
203,Donic Waldner Legend Carbon,0.216
204,Victas Fire Fall AC,0.216
205,Butterfly Primo Vitesse,0.216
206,Butterfly Timo Boll Spirit,0.216
207,Andro Temper Tech OFF,0.215
208,Donic Crest AR+,0.215
209,Tibhar Samsonov Carbon,0.215
210,Tibhar Zodiac Libra ZAC,0.215
211,Andro Treiber Z,0.215
212,Andro Gauzy HL CO OFF,0.215
213,Yinhe EC-14,0.215
214,JOOLA Rossi Force,0.215
215,Nittaku Hinoblaze,0.214
216,Stiga CC5,0.214
217,Xiom Vega Euro,0.214
218,JOOLA Vyzaryz Freeze HRD,0.214
219,Andro Wanokiwami AO OFF,0.214
220,Adidas Challenge Speed,0.214
221,Yinhe Y-2,0.214
222,Andro Flaxonite Driver OFF,0.213
223,Stiga Titanium,0.213
224,Stiga Clipper CR (WRB),0.213
225,Butterfly Iolite Neo,0.213
226,Nittaku Narcus,0.213
227,TSP Arsnova,0.213
228,XVT Hinoki ZL Carbon,0.213
229,Stiga Optimum Seven,0.213
230,Andro Synteliac VCI OFF,0.213
231,Nittaku S-Series S-5,0.213
232,Nittaku S-Series S-CZ,0.213
233,Donic Epox Carbotec,0.213
234,Nittaku Acoustic  Large Handle,0.212
235,TSP Altero,0.212
236,Donic Burn Aratox RS,0.212
237,TSP Balsa 6.5 OFF,0.212
238,Butterfly Firehand,0.212
239,XVT Black Knight 7,0.212
240,Donic Persson Power Carbon Senso V1,0.212
241,Nittaku Acoustic Carbon Inner Large Handle,0.212
242,Andro Treiber Q,0.212
243,Butterfly Zhang Jike ZLC,0.212
244,Nittaku Latika Carbon,0.212
245,Yinhe N9S,0.212
246,Yinhe T-8S,0.212
247,TSP Black Balsa 7.0,0.212
248,Butterfly Lin Gaoyuan ALC,0.211
249,TSP Swat,0.211
250,Friendship/729 Blue Arylate Carbon,0.211
251,Donic Ovtcharov No. 1 Senso,0.211
252,Loki Violent V9 Ebony Carbon,0.211
253,Stiga Intensity NCT,0.211
254,Andro Novacell OFF/S,0.211
255,Donic Persson Powerplay,0.211
256,Butterfly Innerforce Layer ALC,0.211
257,Xiom Ignito,0.211
258,Nittaku Lialox,0.21
259,Gewo Aruna Hinoki Carbon,0.21
260,Xiom Hugo Calderano HAL,0.21
261,Xiom Zetro Quad,0.21
262,Butterfly Innerforce ULC,0.21
263,Yasaka X1,0.21
264,Yinhe Mercury Y-13,0.209
265,Donic Burn ALL+,0.209
266,DHS Power-G PG13,0.209
267,Butterfly Timo Boll Spark,0.209
268,Donic Cayman,0.209
269,Andro Gauzy SL OFF,0.209
270,Yinhe T-7,0.209
271,DHS Hurricane King,0.209
272,Nittaku Ludeack Power,0.209
273,Tibhar Triple Carbon,0.208
274,Tibhar Karas OFF,0.208
275,Nittaku Shake Defence,0.208
276,JOOLA ZeLeBRO PBO-c,0.208
277,Avalox Blue Thunder 777 (BT777),0.208
278,DHS Hurricane King 655,0.208
279,Butterfly Maze Passion,0.207
280,Cornilleau VISION SOFT CARBON OFF+,0.207
281,Victas Dynawood Power,0.207
282,Butterfly Omar Assar,0.207
283,Sanwei V5 Pro,0.207
284,Adidas C500 OFF+,0.207
285,Andro Treiber CI OFF,0.207
286,Donic Waldner OFF World Champion 89,0.207
287,Adidas FiberTec Power,0.207
288,JOOLA Vyzaryz Freeze,0.206
289,Yinhe T7s,0.206
290,Andro Temper Tech ALL+,0.206
291,JOOLA TPE Perform,0.206
292,Yinhe PRO 01,0.206
293,DHS Fang Bo Carbon,0.206
294,Butterfly Bazelart,0.206
295,Butterfly Freitas ALC,0.206
296,Nexy Calix,0.206
297,Donic Burn OFF-,0.206
298,Nittaku Acoustic,0.206
299,Tibhar H-1-9,0.205
300,Yasaka Ma Lin Extra Offensive,0.205
301,Nittaku Hino 7.22,0.205
302,Xiom Vega Pro,0.205
303,Stiga Infinity VPS V Diamond Touch,0.205
304,Stiga Clipper WRB,0.205
305,OSP Virtuoso+,0.205
306,Tibhar Red Cypress,0.204
307,Butterfly VSG-2000,0.204
308,Sanwei CC,0.204
309,Palio ENERGY 03,0.204
310,Nittaku Barwell,0.204
311,Butterfly Korbel SK7,0.204
312,Yinhe Y-3,0.204
313,Stiga Carbonado 45,0.204
314,Andro Kinetic Supreme Zylon/Kiso-Hinoki OFF-,0.204
315,Andro Kinetic CF Kevlar-Carbon OFF,0.203
316,DHS Power-G PG5X,0.203
317,Avalox P700,0.203
318,Ariex Grampus Wisdom,0.203
319,DHS Power-G PG7,0.203
320,Avalox Ma Wenge C555 Carbon,0.203
321,JOOLA Rossi Emotion,0.202
322,DHS Hurricane Bo 2 (Hurricane B2),0.202
323,Friendship/729 Dynasty Hinoki Carbon,0.202
324,Yasaka Balsa,0.202
325,Butterfly Innerforce Layer ZLF,0.202
326,Tibhar Dynamic JC (Darko Jorgic),0.202
327,Butterfly SK Carbon,0.202
328,Donic Epox Control,0.202
329,Donic Original True Carbon Inner,0.202
330,Stiga Maplewood NCT V,0.202
331,Butterfly Viscaria Light,0.202
332,Yinhe Venus V-14,0.202
333,Xiom Aria,0.202
334,Tibhar Samsonov Force Pro,0.202
335,Victas ZX-GEAR IN,0.202
336,Darker Esteem,0.201
337,Tibhar Drinkhall Power Spin Carbon,0.201
338,Andro Novacell OFF,0.201
339,Stiga Offensive Classic Carbon,0.201
340,Butterfly Franziska Innerforce ZLC,0.201
341,JOOLA Aruna OFF,0.201
342,Victas Koki Niwa Wood,0.201
343,Stiga Eternity VPS V,0.201
344,JOOLA Viva,0.201
345,Nittaku Violin,0.2
346,Butterfly Zhang Jike,0.2
347,Yasaka Reinforce LT,0.2
348,Donic Persson Powerplay Senso V1,0.2
349,Yasaka Extra Special,0.2
350,Nittaku Ludeack,0.2
351,Andro Treiber K,0.199
352,JOOLA Flame Fast,0.199
353,Sanwei F3 Pro,0.199
354,Andro Temper Tech OFF-,0.198
355,Butterfly Innerforce Layer ALC.S,0.198
356,Butterfly Timo Boll CAF,0.198
357,Nittaku Redshank,0.198
358,Butterfly Schlager Precision,0.198
359,Yasaka Silverline Carbon,0.198
360,Darker 7P-2A,0.198
361,TSP Balsa 5.5 ALL+,0.198
362,Victas Quartet AFC,0.198
363,JOOLA Eagle Fast,0.198
364,Stiga Offensive Classic WRB,0.198
365,Donic Ovtcharov Senso V2,0.198
366,Tibhar IV-S SGS,0.197
367,Nittaku Adelie,0.197
368,Tibhar Cedric Nuytinck,0.197
369,Butterfly Timo Boll W5,0.197
370,TSP Trinity Carbon,0.197
371,JOOLA TPE Nature,0.196
372,Yasaka Ma Lin Carbon,0.196
373,Yasaka Ma Lin Extra Special,0.196
374,Donic Appelgren World Champion 89,0.196
375,Yinhe Pro Feeling,0.196
376,Gewo Hybrid Carbon A-Speed ALL+,0.196
377,Butterfly Defence 2 (II),0.196
378,JOOLA Wing Passion Fast,0.196
379,Nittaku Alulass,0.196
380,Stiga Carbonix WRB,0.195
381,Donic Epox Offensiv,0.195
382,Andro Super Core Cell OFF,0.195
383,Stiga Optimum Plus,0.195
384,Nittaku Ma Long Seven,0.195
385,Victas Fire Fall FC,0.195
386,Andro Treiber H,0.194
387,Tibhar Bernadette Szocs Signature 1,0.194
388,Yinhe Venus V-12,0.193
389,Andro Kinetic Supreme OFF-,0.193
390,Donic Waldner Ultra Senso Carbon,0.193
391,Tibhar Texo C7,0.193
392,Butterfly Diode V,0.192
393,TSP Reflex 50 Award OFF,0.192
394,Yinhe Mercury Y-15,0.192
395,Stiga Clipper,0.192
396,Butterfly Gionis Carbon Off,0.192
397,Stiga Clipper CC,0.192
398,Tibhar Stratus Samsonov Carbon,0.192
399,Donic Persson Dotec OFF,0.191
400,Friendship/729 Bomb,0.191
401,TSP Balsa 4.5 ALL,0.191
402,Donic Ovtcharov Original Senso Carbon,0.191
403,Donic Alligator Combi,0.191
404,Andro Novacell ALL/S,0.191
405,Tibhar Stratus Power Wood,0.191
406,KTL (LKT) Instinct+,0.191
407,Andro Blax OFF,0.191
408,Butterfly Timo Boll Forte,0.19
409,Friendship/729 729 Yellow Carbon ALC,0.19
410,Stiga Offensive CR WRB,0.19
411,Butterfly Michael Maze,0.19
412,Nittaku Septear Feel,0.19
413,Nittaku Forestia,0.19
414,Tibhar Samsonov Force Pro Black Edition,0.19
415,OSP Expert ALL+,0.19
416,Butterfly Maze Performance,0.189
417,Andro Fibercomp DEF,0.189
418,Donic Persson Power Allround,0.189
419,Andro CSV OFF+,0.189
420,Donic Baum Esprit,0.189
421,Donic Waldner Senso Carbon,0.189
422,DHS Power-G PG5,0.189
423,Xiom Offensive S,0.188
424,JOOLA R*1,0.188
425,DHS Hurricane 301,0.188
426,Butterfly Timo Boll OFF-,0.188
427,Tibhar Samsonov Alpha,0.187
428,Yinhe Uranus U-2,0.187
429,Stiga Allround Classic Carbon,0.187
430,Butterfly Petr Korbel,0.186
431,Xiom Solo,0.186
432,Yinhe N-11,0.186
433,Butterfly Effort 70th Anniversary,0.186
434,JOOLA Chen Weixing,0.185
435,Xiom Diva,0.185
436,Palio CAT,0.185
437,Nittaku Latika,0.185
438,Nittaku Septear,0.184
439,Donic Persson Exclusive OFF,0.184
440,Cornilleau Aero OFF+ Soft Carbon,0.184
441,Butterfly Oh Sang Eun,0.184
442,Tibhar Samsonov Premium Contact,0.184
443,Nittaku Ma Long Five,0.184
444,Yinhe 980,0.183
445,Gambler Arylate Carbon,0.183
446,Butterfly Innerforce AL,0.183
447,Avalox P500,0.183
448,Butterfly Primorac EX,0.183
449,Tibhar Stratus Power Defense,0.183
450,Donic Extension AC,0.182
451,Butterfly Primorac,0.182
452,Yinhe Uranus U-3,0.182
453,Andro J. M. Saive Kinetic OFF-,0.182
454,Donic Waldner Allplay,0.182
455,Andro Timber 5 ALL/S,0.182
456,Stiga Celero,0.181
457,Huaruite Clipper,0.181
458,Butterfly Jonyer Hinoki,0.181
459,Nittaku Septear Lead,0.181
460,OSP Virtuoso OFF-,0.181
461,Stiga Arctic Wood,0.181
462,Friendship/729 V-6,0.181
463,TSP Euro Feeling,0.18
464,DHS Hurricane Hao,0.18
465,Dr. Neubauer Firewall Plus,0.18
466,Butterfly Korbel Speed,0.18
467,Donic Waldner Diablo Senso,0.18
468,Yinhe Venus V-13,0.18
469,Nexy Arirang,0.179
470,PP VISPOWER II FL ALC,0.179
471,Stiga Allround NCT,0.179
472,Yinhe Carbokev K-4,0.179
473,Friendship/729 C-3,0.178
474,Butterfly Power 7,0.178
475,Donic Waldner Dicon,0.178
476,Butterfly Wakaba-An,0.178
477,Xiom Allround S,0.177
478,Yinhe W-6,0.177
479,Yinhe N11 S,0.177
480,Nittaku Lumilas,0.176
481,Nittaku Clout,0.176
482,Stiga Offensive Wood NCT,0.176
483,Xiom Fuga,0.176
484,Sanwei FEXTRA 7,0.176
485,Yinhe Earth E-3,0.174
486,Stiga Defensive NCT,0.173
487,Nittaku Kasumi Basic,0.173
488,Nittaku Latika Light,0.172
489,Nittaku Miyabi,0.172
490,Yinhe MC-2,0.171
491,Donic Wang Xi Dotec Control Plus,0.171
492,Stiga Allround Evolution,0.171
493,TSP Break-11,0.17
494,Yasaka Sweden Extra,0.17
495,Butterfly Timo Boll ALL+,0.17
496,Butterfly Balsa Carbo X5,0.169
497,TSP Black Balsa 5.0,0.169
498,Stiga Offensive CR,0.169
499,Tibhar Lebesson,0.169
500,TSP Award Offensive,0.169
501,Yasaka Gatien Extra,0.167
502,Butterfly Falcima,0.167
503,Stiga Offensive Classic (OC),0.167
504,Darker Alba Sakura,0.167
505,Victas Koji Matsushita Defensive,0.166
506,Butterfly Andrzej Grubba (Classic Design),0.165
507,Yinhe J-1,0.165
508,Donic Appelgren Dotec Control,0.164
509,Victas Koji Matsushita,0.164
510,Donic Waldner Senso V1,0.162
511,Donic Defplay Classic Senso,0.16
512,Avalox Blue Thunder 550 (BT550),0.16
513,Yasaka Ma Lin Soft Carbon,0.16
514,Donic Defplay Senso,0.16
515,Yasaka Extra,0.159
516,Stiga Allround Classic,0.158
517,JOOLA Toni Hold White Spot,0.157
518,Xiom Aigis,0.155
519,Donic Appelgren Allplay,0.153
520,Donic Appelgren Allplay Senso V1,0.152
521,TSP Balsa 3.5 DEF+,0.151
522,Butterfly Grubba Pro,0.151
523,Sword 309,0.15
524,Donic Defplay Senso V3,0.15
525,Stiga Energy WRB,0.15
526,KTL (LKT) Instinct,0.147
527,KTL (LKT) Ayous Hinoki,0.147
528,Butterfly Maze T-Tec OFF,0.145
529,Tibhar Patrick Chila,0.143
530,Dr. Neubauer Barricade DEF,0.143
531,Andro HiLoom,0.142
532,Nittaku Torua,0.14
533,Yinhe 896,0.139
534,Stiga Allround Classic WRB,0.137
535,Andro Super Core OFF-,0.136
536,TSP Reflex 50 Award ALL,0.131
537,TSP Balsa 2.5 Defence,0.129
538,Sanwei M-8,0.127
539,KTL (LKT) Toxic 3,0.126
540,Yasaka Sweden Classic,0.124
541,TSP Black Balsa 3.0,0.123
542,Yinhe Def 5,0.108
543,Butterfly Defence Alpha,0.108
