排名,刀胶名称,得分
1,Palio TCT,0.5229323876880145
2,Yasaka Max Carbon 3D,0.5212075774765355
3,Butterfly Schlager Carbon,0.5162881308392673
4,Butterfly VSG-TWIST IV,0.5136424319187531
5,DHS Wind CW-C,0.5129360326564474
6,Yinhe Yinhe T1S,0.5105929024204273
7,Yinhe T-1,0.5076452002607277
8,Yinhe T-2,0.5074491522413899
9,Yasaka Dynamix 17,0.507040178192824
10,JOOLA Kool,0.5060244202885075
11,Gewo Hybrid Carbon X-Speed OFF,0.5059206343192938
12,Yinhe T-4,0.5054153241258852
13,Stiga CC7,0.5017352174091361
14,Stiga Ebenholz NCT VII (7),0.49687516465746034
15,TSP Balsa 8.5 Top Speed,0.49572179664336535
16,Yinhe T-4s,0.4949143465366866
17,KTL (LKT) Will Power,0.492388713380667
18,Yinhe T-10,0.4918512570895253
19,Nittaku KCZ,0.49166690392470647
20,Avalox J-Aramid,0.49063719225465763
21,Yasaka Spelancer,0.48938667449906514
22,Butterfly Garaydia T5000,0.48897825222110947
23,Donic Persson Power Carbon,0.48867142470194735
24,Andro Super Core Carbon Light (CL) OFF+,0.48843690196509565
25,Butterfly Moonbeam,0.4878874932390432
26,Tibhar Phantom X,0.4876382560872831
27,Butterfly Boll TriCarbon,0.48720105503765754
28,JOOLA Wing Passion Extreme,0.4872006933590602
29,Yinhe T-10+,0.48560428122556093
30,Butterfly Sardius,0.48321651808337945
31,Xi Enting Shark 686,0.48121735697809176
32,Donic Persson Carbotec,0.480500319631747
33,Stiga Carbo 7.6 WRB,0.48017771439981455
34,Andro Temper Tech OFF+,0.479553979634419
35,Butterfly Gergely Carbon,0.4792212294419183
36,Donic Waldner Black Devil Carbon Balsa,0.4781096883093731
37,Stiga Legacy Carbon 12k,0.476189109298211
38,Yinhe T-11+,0.4752383239674967
39,Donic Epox TopSpeed,0.47511549882031434
40,Donic Ovtcharov Carbospeed,0.47420322484193383
41,Butterfly Timo Boll W7,0.4734887189871981
42,Stiga Hybrid Wood NCT,0.4729884732082183
43,Nittaku Bloodwood,0.47126939544959584
44,Yinhe T-11,0.47104564894157414
45,Nittaku Flame Carbon,0.4710014925309271
46,DHS Hurricane H-WL,0.47084316675748417
47,Andro CSV Carbon OFF++,0.4693446775545703
48,Butterfly Primorac Carbon TAMCA 5000,0.46742945388833423
49,Donic Wosik Senso Carbon,0.46727776137780785
50,Butterfly Andrzej Grubba Carbon,0.4669635278094698
51,Andro Treiber CO OFF,0.4650039796609466
52,Butterfly Gergely 21,0.4647935775377982
53,Gewo Hybrid Carbon M-Speed Off-,0.46441475700465834
54,Andro Treiber FO OFF,0.4626713631850917
55,Yinhe T11s,0.4612118177785903
56,Tibhar Samsonov Carbon,0.46110052137901153
57,Yinhe N-9,0.4610370572554023
58,Butterfly Gergely Alpha,0.4604634691486923
59,Yinhe EC-14,0.46025646589639396
60,XVT Hinoki ZL Carbon,0.4601134663053329
61,Butterfly Timo Boll T5000 Tamca,0.459700481482404
62,Xiom Axelo,0.45912526126414
63,Stiga Carbonado 245,0.45898642043393356
64,Butterfly Mazunov,0.458733039220385
65,Yinhe Y-2,0.45869107590599
66,JOOLA Bomb Extrem MCD,0.45867565725188
67,Xiom V1 Quad,0.4583208480937013
68,Andro Ligna FR OFF,0.45827954848002844
69,Donic Persson World Champion 89,0.4581919122951499
70,Xiom Strato,0.4581755187857531
71,Stiga Carbonado 290,0.457958946926423
72,Yinhe T-8,0.45755418164386263
73,Yinhe Y-4,0.4569662769618014
74,Adidas FiberTec Extreme,0.4563122939689235
75,DHS Fang Bo B2X,0.45560472243528605
76,Xiom Extreme S,0.45556839294408474
77,Stiga Carbonado 190,0.45533545378792334
78,Andro Temper Tech OFF,0.45520517492596235
79,Nittaku Narcus,0.45501381009685243
80,Yasaka Goiabao 5,0.45442386727694123
81,TSP Balsa 6.5 OFF,0.4542473817698296
82,Yinhe 988,0.4541220114667191
83,Butterfly Zhang Jike T5000,0.45361559262785806
84,Yasaka Silverline All Wood,0.4535889598371835
85,Donic Ovtcharov Senso V1,0.45356947378173595
86,Stiga Tube Carbo WRB,0.4528909753982709
87,Andro Treiber FO OFF/S,0.4525685344282312
88,DHS 506 Ma Long,0.45199698374012665
89,Donic Epox PowerAllround,0.4519139641554358
90,Victas Liam Pitchford,0.4516631086699642
91,Butterfly Schlager Carbon Light,0.4515264089620444
92,Butterfly Innerforce T5000,0.4513750496491731
93,Yinhe Galaxy T2s,0.45059997257358414
94,TSP Swat,0.45042934169487064
95,Stiga Intensity NCT Carbon,0.4495718433753753
96,Adidas Challenge Speed,0.44946829702492025
97,Victas Fire Fall VC,0.4493591575541165
98,Yasaka Extra Offensive 7 Power,0.44892697155611017
99,Stiga Clipper CR,0.4488743077340697
100,Victas Koji Matsushita Offensive,0.44874503739604005
101,Andro Super Core Cell OFF+,0.44864272485774287
102,DHS Hurricane Hao III,0.44822644236954234
103,XVT Black Knight 7,0.4480744757421609
104,DHS Power-G PG9,0.4476859166206029
105,Hallmark Aurora,0.4476323087272391
106,Avalox J-Power,0.4469849111022587
107,Yasaka X1,0.44621791666500005
108,Xiom Hayabusa ZXi,0.44508886942918435
109,Yinhe Venus V-16,0.4447700690104501
110,Donic Li Ping Kitex,0.4443005833809062
111,Stiga Optimum Carbo,0.44421652647007476
112,Donic Waldner Legend Carbon,0.44419771439474054
113,Yinhe T-8S,0.4441601983195743
114,Donic Epox Carbotec,0.4440999029027076
115,Xiom Vega Tour,0.4438842025815093
116,Andro Novacell OFF/S,0.4428458758398481
117,Donic Persson Power Carbon Senso V1,0.4418971081853378
118,Yinhe N9S,0.4416632292107633
119,Tibhar Triple Carbon,0.4415433047868969
120,TSP Black Balsa 7.0,0.4414323487627066
121,Friendship/729 Blue Arylate Carbon,0.4413438886183082
122,Butterfly Fan Zhendong Super ALC,0.4413338496160549
123,Stiga Carbonado 145,0.4409502490267813
124,DHS Hurricane Long 2,0.44050306100150477
125,TSP Hino-Carbon Power,0.44037962472192915
126,JOOLA Zhou Qihao Hyper ARY-C 90,0.4402747813873875
127,Xiom Stradivarius,0.43945255713610126
128,Donic Cayman,0.43936665076720655
129,Donic Waldner Dotec Carbon,0.4392350173659077
130,XVT ZL Koto,0.43921066904857975
131,Yinhe T-7,0.43881521981152577
132,JOOLA Flame Extreme,0.43878119803979765
133,Yasaka Alnade,0.4387521578324947
134,Stiga Clipper CR (WRB),0.43859363089757664
135,Yinhe Venus V-14 PRO,0.4383284594375681
136,Sanwei CC,0.43752696519552914
137,Cornilleau VISION SOFT CARBON OFF+,0.43739380265108085
138,Stiga Titanium,0.43596925242980505
139,Butterfly Ishlion,0.4357591471535553
140,DHS Hurricane Long 5x,0.43564990127062636
141,Donic Ovtcharov True Carbon,0.4356177058422052
142,Butterfly Amultart ZL Carbon,0.43561398851588506
143,Andro Flaxonite Driver OFF,0.43526940203050246
144,Yinhe T7s,0.43520907270051046
145,Yinhe Venus V-4,0.4346671969950766
146,Nittaku Goriki Super Drive,0.43435734102901696
147,Butterfly Primo Vitesse,0.43359417530999445
148,Andro Gauzy HL CO OFF,0.4330490116400246
149,JOOLA MC1,0.4329699354902285
150,Yinhe Mercury Y-13,0.4329236759632798
151,JOOLA Rossi Force,0.43280580055795737
152,Victas Fire Fall AC,0.43260944264347057
153,Nittaku S-Series S-5,0.43250359417103484
154,Nittaku Meister Basaltec Outer,0.43236617450744363
155,Donic Burn Aratox RS,0.4312829387467828
156,Andro Temper Tech ALL+,0.43070510692008085
157,Nittaku Tenor,0.43040075024429914
158,Victas Quartet VFC,0.4300159012772192
159,Donic Burn ALL+,0.4299081276264302
160,Xiom Ignito,0.42926227523976734
161,Stiga Clipper WRB,0.4284540566784273
162,Ariex Excellent Hinoki,0.42837469783006443
163,Nittaku Acoustic Carbon Outer Large Handle,0.4281161294031175
164,Butterfly Kreanga Carbon,0.4279484555271088
165,Stiga Emerald VPS V,0.42783841361345265
166,Stiga Ebenholz NCT V (5),0.42765343020248964
167,Stiga Optimum Seven,0.427324333625368
168,Stiga Rosewood NCT VII,0.42724723243790136
169,Tibhar Red Cypress,0.4271342158120177
170,Andro TP_Ligna CO OFF,0.42661198445053716
171,DHS Hurricane King III,0.426201513606359
172,Butterfly SK Carbon,0.4257524994172928
173,Palio ENERGY 03,0.42543763972495674
174,DHS Power-G PG13,0.4252695427014969
175,Andro Ligna Tour OFF,0.4249605562006061
176,Friendship/729 Dynasty Hinoki Carbon,0.42473211604361577
177,Loki Violent V9 Ebony Carbon,0.42459235792176714
178,Butterfly Firehand,0.4242832647240515
179,Tibhar Samsonov Force Pro,0.4230670737250762
180,Stiga Rosewood NCT V,0.4226846004559723
181,DHS Power-G PG7,0.422242660319321
182,Yinhe Venus V-14,0.42217705348830153
183,Nittaku Barwell Fleet,0.42184252705029385
184,Donic Epox Control,0.4217195503370834
185,Adidas C500 OFF+,0.4213193896597495
186,Butterfly Defence 2 (II),0.42119226635734786
187,JOOLA Viva,0.4211753598443309
188,JOOLA TPE Perform,0.4210204502508843
189,Butterfly Dimitrij Ovtcharov Innerforce ALC,0.4209663678584952
190,Donic Persson Powerplay Senso V1,0.4202711409769158
191,Nittaku Acoustic Carbon,0.4202417199675214
192,Nittaku Lialox,0.4200398439309249
193,Yasaka Balsa,0.4198488938510393
194,Yasaka Ma Lin Extra Offensive,0.41934836621673055
195,Yinhe PRO 01,0.4189574644516215
196,Donic Persson Powerplay,0.41862784770814626
197,Nittaku Hinoblaze,0.4182503643547156
198,Andro Treiber Z,0.41822816033072724
199,Yinhe Y-3,0.4179312500395401
200,Butterfly Viscaria Super ALC,0.4175669218237996
201,Avalox Blue Thunder 777 (BT777),0.4171275210374838
202,DHS Hurricane Hao 656,0.4168302417272679
203,Butterfly Korbel SK7,0.416826575600605
204,Sanwei V5 Pro,0.4168096610339084
205,Andro Ligna OFF,0.41674418478369335
206,DHS Fang Bo Carbon,0.4163582367889442
207,Butterfly Maze Passion,0.4156719638281482
208,Butterfly Viscaria Light,0.41555596737749495
209,Andro Novacell OFF,0.41512875989122217
210,Donic Waldner OFF World Champion 89,0.4151047070084879
211,Sanwei F3 Pro,0.4148995563680934
212,Donic Burn OFF-,0.4131976962865735
213,Darker 7P-2A,0.41296944009086184
214,Andro Wanokiwami Ren OFF,0.41293548563733684
215,Stiga Intensity NCT,0.41291132094884175
216,JOOLA Fever,0.4126611305866933
217,Stiga Rosewood XO,0.4123848838925816
218,Butterfly Iolite,0.41180039959468046
219,Stiga Eternity VPS V,0.4112162219626666
220,Xiom Aria,0.4110083138823606
221,DHS Hurricane Bo 2 (Hurricane B2),0.4103574877915134
222,TSP Balsa 5.5 ALL+,0.4101225875480594
223,Andro Treiber Q,0.41001446535209346
224,JOOLA Eagle Fast,0.4095051525335813
225,Avalox P700,0.40943489585634685
226,Butterfly Innerforce ULC,0.4094314962323764
227,Nittaku Ludeack Fleet,0.4093553757394181
228,Butterfly Jun Mizutani Super ZLC,0.40928197400026944
229,Stiga Cybershape Carbon,0.4092663156705296
230,Victas Dynawood Power,0.4091384990281063
231,Nittaku Rutis,0.40897283675693197
232,Xiom Vega Euro,0.40840075374520807
233,Tibhar Karas OFF,0.408107795773358
234,Andro Ligna OFF+,0.40788455414360275
235,TSP Trinity Carbon,0.4074674813146357
236,Xiom Zetro Quad,0.40715238629415595
237,Butterfly Jun Mizutani,0.4070438479164814
238,Avalox Ma Wenge C555 Carbon,0.4069888450232086
239,DHS Power-G PG5X,0.4064657000204396
240,Andro Super Core Cell OFF,0.4060026222861829
241,JOOLA R*1,0.4059394168581573
242,Butterfly Zhang Jike Super ZLC,0.40569988842481813
243,Butterfly Jun Mizutani ZLC,0.40552105367498775
244,Stiga Dynasty Carbon,0.40479436464624385
245,Butterfly Taksim,0.40428690425102304
246,KTL (LKT) Instinct+,0.4041620511731502
247,Yasaka Reinforce LT,0.40409857104739433
248,Gewo Hybrid Carbon A-Speed ALL+,0.40399080812859406
249,Donic Ovtcharov Senso V2,0.4039807230869369
250,Butterfly Timo Boll ALC,0.40388748228940635
251,Donic Epox Offensiv,0.40362017396381006
252,Andro Gauzy SL OFF,0.4034825723357947
253,Nittaku S-Series S-CZ,0.4033378192409352
254,Yasaka Ma Lin Carbon,0.4032946314043232
255,JOOLA Energon Super PBO-c,0.40326731886151496
256,Yasaka Ma Lin Extra Special,0.4027384857474105
257,Andro Treiber CI OFF,0.4026951633407266
258,Nittaku Ludeack Power,0.40229802603774045
259,Victas ZX-GEAR IN,0.4022363701771023
260,Yasaka Extra Special,0.4020086253325296
261,Stiga CC5,0.4018813651714576
262,Butterfly Iolite Neo,0.4011443395217788
263,Xiom 36.5 ALX,0.4011374479616424
264,Stiga Clipper,0.40113300878744695
265,JOOLA Rossi Emotion,0.4007167933277113
266,Donic Original True Carbon Inner,0.40068524354973667
267,Tibhar IV-S SGS,0.40036150408622245
268,JOOLA TPE Nature,0.40015277053725773
269,Andro Temper Tech OFF-,0.4001381403460007
270,Stiga Infinity VPS V Diamond Touch,0.3998121030754327
271,Donic Alligator Combi,0.3993040158930216
272,Andro Wanokiwami AO OFF,0.3986544975605982
273,Yasaka Silverline Carbon,0.398279784508242
274,Ariex Grampus Wisdom,0.3974623119541454
275,Tibhar Stratus Power Wood,0.39721577225221044
276,Yinhe Venus V-12,0.39707228829966645
277,Nittaku Acoustic Carbon Inner,0.3969167450250917
278,Butterfly Photino,0.39606372086029923
279,Stiga Offensive Classic WRB,0.39584835690871983
280,JOOLA Wing Passion Fast,0.3957898780911943
281,Andro Blax OFF,0.39578087282164875
282,Donic Waldner Ultra Senso Carbon,0.39574147702425766
283,Butterfly Timo Boll Spirit,0.39567585619555184
284,Nittaku Hino 7.22,0.39526815052338865
285,Butterfly Timo Boll W5,0.39523550955571757
286,Butterfly Omar Assar,0.3952345650759766
287,Tibhar Samsonov Force Pro Black Edition,0.39507575840563963
288,Friendship/729 Bomb,0.39392001379914937
289,Stiga Offensive Classic Carbon,0.3937906520752785
290,Dr. Neubauer Firewall Plus,0.3935726625477585
291,TSP Balsa 4.5 ALL,0.3935188382018617
292,Butterfly Marcos Freitas ALC,0.393457031050034
293,Xiom AJH TMXI,0.3929303151509898
294,Donic Waldner Senso Carbon,0.39288880972299334
295,JOOLA Flame Fast,0.39249678553315637
296,Andro CSV OFF+,0.3924913971186416
297,Yinhe Mercury Y-15,0.3921858184444654
298,Huaruite Clipper,0.39187465026039847
299,Friendship/729 729 Yellow Carbon ALC,0.391720858917062
300,Tibhar Samsonov Alpha,0.39171966300138933
301,JOOLA Nobilis PBO-c,0.3912908119183091
302,Gewo Aruna Hinoki Carbon,0.3912480686233096
303,Andro Kinetic Supreme OFF-,0.39104256632042933
304,Donic Crest AR+,0.3910288516371631
305,TSP Altero,0.3907130632811669
306,DHS W968 Hurricane Long 5 National,0.39065366381407346
307,DHS Hurricane Long 5,0.3904861662600037
308,Nittaku Shake Defence,0.3903893127800395
309,Donic Ovtcharov Original Senso Carbon,0.390021482675146
310,Yinhe Uranus U-3,0.3900026252900178
311,Nittaku Alulass,0.38999631127338114
312,Palio CAT,0.38952214329886853
313,Xiom Solo,0.3894136069008505
314,JOOLA Chen Weixing,0.38891906035920465
315,Butterfly Zhang Jike ALC,0.3884281602916601
316,Tibhar CCA Unlimited,0.38834420071600606
317,DHS Hurricane King,0.3877797653912303
318,Butterfly Timo Boll ZLC,0.3876302947892027
319,Nittaku Forestia,0.3873737790254632
320,Tibhar Bernadette Szocs Signature 1,0.38736510744082525
321,Andro Treiber H,0.38730212901879135
322,Nittaku Ludeack,0.38722311036235374
323,Donic Appelgren World Champion 89,0.3870870633834818
324,Butterfly Kong Linghui Euro,0.38707814468624663
325,Yinhe Uranus U-2,0.3869202325310305
326,Butterfly Timo Boll OFF-,0.3868166901004261
327,Donic Baum Esprit,0.3865823828478603
328,Butterfly Gionis Carbon Off,0.3862340775432088
329,Butterfly Fan Zhendong ALC,0.38596004057021993
330,Friendship/729 V-6,0.3858946927474391
331,Butterfly Innerforce ALC,0.38526694891915425
332,TSP Arsnova,0.3850024815222259
333,Butterfly Timo Boll Forte,0.3847890142041863
334,Stiga Carbonix WRB,0.38454675825882445
335,Stiga Dynasty Carbon Xu Xin Edition,0.38402574338042195
336,TSP Reflex 50 Award OFF,0.3838173219235361
337,Tibhar Samsonov Premium Contact,0.3838028327604278
338,Donic Persson Power Allround,0.38377207102213173
339,Butterfly Timo Boll ZLF,0.3837603994426722
340,Xiom Offensive S,0.38361692917901724
341,Butterfly Viscaria,0.3835038394014291
342,DHS Hurricane King 655,0.3832317764169174
343,Nittaku Acoustic  Large Handle,0.3830497959909657
344,Donic Persson Dotec OFF,0.3830395878067692
345,Yinhe Pro Feeling,0.3829874783152671
346,DHS Power-G PG5,0.38287118981266727
347,Stiga Optimum Plus,0.3824018215868395
348,Stiga Carbonado 45,0.382183910985213
349,Butterfly Keyshot,0.3819772595334446
350,Andro Novacell ALL/S,0.38195088811939537
351,Butterfly Schlager Precision,0.3819135173049926
352,Darker 7P-2A.Carbon,0.38147749253805935
353,Andro Treiber K,0.38070237916676714
354,JOOLA Aruna OFF,0.3805392325487842
355,Yinhe N-11,0.3803984534623222
356,Xiom ICE CREAM AZXi,0.38029852555512933
357,Stiga Allround Classic Carbon,0.37890835748539137
358,Butterfly Joo Se Hyuk,0.3788305410275506
359,JOOLA ZeLeBRO PBO-c,0.3786234139913222
360,Xiom Diva,0.3786099899783445
361,Victas Fire Fall FC,0.37832984651756957
362,Andro Fibercomp DEF,0.37812842026215226
363,Andro Synteliac VCI OFF,0.3780357050798117
364,Nittaku Barwell,0.37782591851963976
365,Stiga Maplewood NCT V,0.3775752503013791
366,Cornilleau Aero OFF+ Soft Carbon,0.37711877553114176
367,Butterfly Primorac EX,0.37709007407241735
368,Yinhe Carbokev K-4,0.3770811708256505
369,Donic Persson Exclusive OFF,0.37706513424327454
370,TSP Euro Feeling,0.37628407148408216
371,Victas Quartet AFC,0.37569729253035555
372,Yinhe Venus V-13,0.375489615956103
373,Tibhar Dynamic JC (Darko Jorgic),0.3753261299598287
374,Yinhe 980,0.3750682860885087
375,Butterfly Petr Korbel,0.37495752628794005
376,Butterfly Oh Sang Eun,0.374249174950786
377,Butterfly Kong Linghui Special,0.3741972632179796
378,OSP Virtuoso+,0.37412239285043664
379,Andro Kinetic Supreme Zylon/Kiso-Hinoki OFF-,0.3741212176470415
380,Tibhar Stratus Samsonov Carbon,0.37410255894632133
381,Nexy Calix,0.3735310200265709
382,Xiom V1,0.3734885925256484
383,Tibhar Drinkhall Power Spin Carbon,0.3734161014148538
384,Butterfly Maze Performance,0.37333083190774585
385,Butterfly Power 7,0.3718492662715079
386,Nittaku Ma Long Carbon,0.37176172524679607
387,Darker AVANTIR,0.3715934784840136
388,Butterfly Timo Boll CAF,0.3715450758524021
389,Butterfly Freitas ALC,0.3710097224831778
390,Butterfly Michael Maze,0.37082691821975955
391,Yinhe J-1,0.37070902490544116
392,Nittaku Acoustic Carbon Inner Large Handle,0.3704769279709024
393,Nittaku Septear,0.37044818415367986
394,Donic Waldner Diablo Senso,0.37039429096639914
395,Butterfly Innerforce Layer ALC,0.3703426069423017
396,JOOLA Vyzaryz Trinity,0.36988550988171637
397,Butterfly Diode V,0.3697256493593263
398,Andro Kinetic CF Kevlar-Carbon OFF,0.3694145062478312
399,Tibhar Stratus Power Defense,0.3691948226768768
400,Stiga Offensive CR WRB,0.3690879804242947
401,Butterfly Innerforce ZLC,0.36863493271732356
402,DHS Hurricane 301,0.36784404969946694
403,Nittaku Clout,0.3676464840816763
404,Friendship/729 C-3,0.3674621548674483
405,Nittaku Violin Carbon Inner,0.36741992666411516
406,Nittaku Latika Carbon,0.3673943578948063
407,Nittaku Latika,0.367289423674156
408,Butterfly Zhang Jike ZLC,0.36684297124289955
409,Butterfly VSG-2000,0.36680387348266974
410,Butterfly Tiago Apolonia ZLC,0.36652815401429667
411,Victas Koki Niwa Wood,0.3662378283422148
412,Stiga Allround NCT,0.3659732085195065
413,Gambler Arylate Carbon,0.36541766057989533
414,Avalox P500,0.36489654186002063
415,Nittaku Septear Feel,0.3642666885556077
416,Nittaku Redshank,0.3642402445377746
417,Butterfly Kreanga Aeros Off+,0.3629497217118264
418,Sanwei FEXTRA 7,0.36273638051134915
419,Butterfly Fukuhara Ai Pro ZLF,0.3623459682502072
420,Stiga Offensive Wood NCT,0.3620698797996322
421,Butterfly Garaydia ZLC,0.3618579657248936
422,Butterfly Keyshot Light,0.3611993638696204
423,Butterfly Lin Yun-Ju Super ZLC,0.36061944474249596
424,JOOLA Vyzaryz Hybrid,0.3605053611755415
425,Butterfly Photino Light,0.3595133847419196
426,Tibhar Zodiac Libra ZAC,0.3594137970512029
427,Donic Waldner Dicon,0.35885293754374853
428,Donic Waldner Allplay,0.35787168078585374
429,Yinhe N11 S,0.35779892490029197
430,Nittaku Acoustic,0.3571556133368469
431,Andro Timber 5 ALL/S,0.3565695867101501
432,Yinhe MC-2,0.355896603674885
433,Xiom Hugo Calderano SAL,0.3554135242896617
434,Butterfly Wakaba-An,0.35479193623611655
435,Yinhe W-6,0.3542318145744137
436,Butterfly Harimoto Innerforce Super ZLC,0.3539889137154457
437,Donic Appelgren Dotec Control,0.3511322232765191
438,Butterfly Balsa Carbo X5,0.3501335912780014
439,Nittaku Lumilas,0.3497963801317433
440,Xiom Vega Pro,0.3492477162786449
441,Darker Speed 90,0.3484540814667812
442,Xiom Fuga,0.34802839339402075
443,Stiga Allround Evolution,0.34783983451041217
444,Butterfly Korbel Speed,0.34725809617603576
445,Xiom Allround S,0.34680374422072224
446,Nittaku Latika Light,0.3457624264417767
447,Stiga Defensive NCT,0.345756586811902
448,Nittaku Kasumi Basic,0.34555869240860104
449,Stiga Celero,0.3436715796081954
450,Butterfly Innerforce Layer ALC.S,0.3433467198396381
451,Tibhar Lebesson,0.3428394438430387
452,Butterfly Harimoto Tomokazu Innerforce ALC,0.3425383523091468
453,JOOLA Vyzaryz Freeze,0.34184220041590474
454,DHS Hurricane Long 3,0.3418009697380103
455,Yinhe Earth E-3,0.34179690685422626
456,Butterfly Lin Gaoyuan ALC,0.3414410463351173
457,Nittaku Adelie,0.3409035696845421
458,Butterfly Innerforce ZLF,0.3400247064000455
459,Butterfly Primorac,0.33946483512047027
460,Butterfly Garaydia ALC,0.33755850512307317
461,Butterfly Effort 70th Anniversary,0.3370549458512082
462,Butterfly Franziska Innerforce ZLC,0.33689268280580337
463,TSP Break-11,0.33673514963309603
464,JOOLA Vyzaryz Freeze HRD,0.33663462304682523
465,Yasaka Sweden Extra,0.3362323607964676
466,Yasaka Ma Lin Soft Carbon,0.33607003107132205
467,Adidas FiberTec Power,0.3352027493936877
468,Butterfly Innerforce AL,0.3348805806491692
469,Donic Wang Xi Dotec Control Plus,0.3346236352042601
470,Butterfly Liu Shiwen,0.33412843840465867
471,Yasaka Gatien Extra,0.33409906529348404
472,Butterfly Timo Boll ALL+,0.3338993020606864
473,Stiga Clipper CC,0.33239712108929537
474,Xiom Hugo Calderano HAL,0.33179082479187444
475,Donic Waldner Senso V1,0.33091791209615534
476,Tibhar H-1-9,0.3300540361534266
477,Yasaka Extra,0.3297570785640946
478,OSP Expert ALL+,0.3297104720427793
479,OSP Virtuoso OFF-,0.32923417678376077
480,TSP Black Balsa 5.0,0.3288463316901791
481,Nittaku Miyabi,0.3278332394709162
482,TSP Award Offensive,0.32725906907428
483,Nittaku Violin,0.32662521115796095
484,Butterfly Innerforce Layer ZLF,0.3265756363596511
485,Nittaku Ma Long Seven,0.32657094826908084
486,DHS Hurricane Hao,0.3250352233009796
487,Butterfly Kenta Matsudaira ALC,0.32466850385522866
488,Stiga Offensive Classic (OC),0.32409120209769277
489,Tibhar Texo C7,0.3232984385270181
490,Butterfly Andrzej Grubba (Classic Design),0.32228557306246786
491,Butterfly Timo Boll Spark,0.32173674920025236
492,Butterfly Bazelart,0.3213297833013198
493,Nittaku Septear Lead,0.31768946877515686
494,Butterfly Harimoto Innerforce ZLC,0.3163711057240232
495,Darker Esteem,0.3155514426430266
496,Donic Ovtcharov No. 1 Senso,0.312247321303645
497,Butterfly Innerforce Layer ZLC,0.31112623469736644
498,Donic Appelgren Allplay,0.31087356721948745
499,Butterfly Jonyer Hinoki,0.3107895840501176
500,Stiga Offensive CR,0.31031728425857985
501,KTL (LKT) Instinct,0.3101307659325672
502,Stiga Arctic Wood,0.31007911335648813
503,Donic Defplay Classic Senso,0.30969002169582255
504,Avalox Blue Thunder 550 (BT550),0.30885314230760236
505,PP VISPOWER II FL ALC,0.3077171108221626
506,Butterfly Revoldia CNF,0.30764236254705574
507,Donic Defplay Senso,0.3066973308941568
508,Donic Extension AC,0.3062381488120938
509,Nittaku Ma Long Five,0.3036890737432162
510,Tibhar Patrick Chila,0.30226858339141793
511,KTL (LKT) Ayous Hinoki,0.300000721272468
512,Stiga Energy WRB,0.29815061868875026
513,Darker Alba Sakura,0.2967738567983897
514,Nexy Arirang,0.29618762806272486
515,Nittaku Torua,0.29558575549092925
516,Stiga Allround Classic,0.2949955341781351
517,Butterfly Falcima,0.2935982303448221
518,Andro HiLoom,0.29340878498998424
519,Butterfly Grubba Pro,0.2929341457655706
520,Victas Koji Matsushita Defensive,0.2913899277083824
521,Sword 309,0.2913894224883538
522,Tibhar Cedric Nuytinck,0.29136386159209937
523,TSP Balsa 3.5 DEF+,0.28845507109300106
524,Victas Koji Matsushita,0.2876423139962894
525,Andro J. M. Saive Kinetic OFF-,0.2841810599815038
526,Donic Appelgren Allplay Senso V1,0.2806291439742424
527,Butterfly Maze T-Tec OFF,0.27673315689759065
528,Andro Super Core OFF-,0.2687208162159095
529,Dr. Neubauer Barricade DEF,0.26855382453923793
530,Butterfly Zhang Jike,0.2679967622919914
531,Donic Defplay Senso V3,0.267685109377831
532,Stiga Allround Classic WRB,0.2673848076725242
533,Yinhe 896,0.2670439949818938
534,TSP Reflex 50 Award ALL,0.2669472540904996
535,Xiom Aigis,0.265827525430579
536,JOOLA Toni Hold White Spot,0.260001021089467
537,Sanwei M-8,0.2528024294711551
538,Yasaka Sweden Classic,0.24046440366834504
539,KTL (LKT) Toxic 3,0.2298139347504422
540,TSP Balsa 2.5 Defence,0.2257644750522521
541,TSP Black Balsa 3.0,0.210822804027054
542,Yinhe Def 5,0.20401122154756446
543,Butterfly Defence Alpha,0.1838275215063198
