排名,胶皮名称,得分
1,Sanwei T88-I,0.412
2,DHS Hurricane 2 (H2),0.402
3,Victas VS > 401,0.395
4,Nittaku Hurricane Pro III Turbo Blue,0.394
5,Friendship/729 Bloom Power,0.393
6,Yasaka Rakza Z Extra Hard,0.387
7,Andro Rasanter R53,0.387
8,Nittaku Hurricane Pro III Turbo Orange,0.387
9,DHS NEO Hurricane 2,0.387
10,Sanwei Target National,0.386
11,DHS Hurricane 8 Hard,0.385
12,999 Super 999T,0.385
13,Butterfly Tenergy 05 Hard,0.384
14,Tibhar Evolution MX-P 50,0.383
15,Dawei 2008 XP (Super Power),0.383
16,Butterfly Spin Art,0.382
17,Donic BlueStar A1,0.381
18,Butterfly Dignics 09C,0.381
19,DHS NEO Hurricane 3 National (Blue Sponge),0.379
20,Xiom Omega VII Tour,0.378
21,Dawei Sprungfeder G3 A2,0.376
22,Tuttle Beijing 2,0.376
23,DHS Hurricane 3 National (Blue Sponge),0.376
24,DHS Hurricane 3 (H3),0.374
25,Butterfly Tenergy 25,0.374
26,DHS Skyline TG2 (No. 19 Sponge),0.373
27,Globe 999 National,0.373
28,DHS Hurricane 8,0.372
29,Cornilleau Target Pro GT X51,0.372
30,DHS Skyline TG3,0.371
31,Donic BlueGrip V1,0.371
32,Andro Rasant PowerGrip,0.37
33,Andro Rasanter R50,0.37
34,DHS Hurricane 3 (No. 19 Sponge),0.37
35,Yasaka Rakza Z,0.37
36,Yinhe Jupiter 3 Asia,0.37
37,Butterfly Dignics 05,0.369
38,Butterfly Dignics 80,0.369
39,Gewo Nexxus EL Pro 53 Hard,0.369
40,Nittaku Hurricane 3 (H3),0.368
41,Victas VS > 402 Double Extra,0.368
42,Yinhe Apollo III,0.368
43,DHS Hurricane 3 National (Orange Sponge),0.367
44,Victas Ventus Extra,0.367
45,DHS Hurricane 3 Provincial (No. 22 Blue Sponge),0.367
46,DHS G888,0.367
47,DHS Hurricane 3 (Provincial),0.367
48,DHS NEO Hurricane 3,0.367
49,Reactor Thunder,0.367
50,DHS Hurricane 3 (National),0.367
51,DHS Skyline 2 Provincial Blue Sponge,0.367
52,Xiom Sigma 1 Euro,0.366
53,Xiom Sigma II Pro,0.366
54,Tibhar Evolution MX-S,0.366
55,TSP Super Ventus,0.365
56,DHS NEO Hurricane 3 Provincial (Orange Sponge),0.365
57,Dawei Inspirit Quattro,0.365
58,Palio Thors,0.365
59,DHS G666,0.365
60,DHS G555,0.364
61,Butterfly Tenergy 05,0.364
62,Tibhar Evolution MX-D,0.364
63,Palio CJ8000 Biotech 42-44° Japanese Sponge,0.364
64,Xiom Tau,0.364
65,Xiom Sigma 1 Pro,0.364
66,Friendship/729 Battle II  Provincial Blue Sponge,0.363
67,DHS Hurricane 8-80,0.363
68,DHS Gold Arc 8,0.363
69,Gewo Nexxus XT Pro 48,0.363
70,Yinhe Venus 2,0.363
71,DHS NEO Hurricane 3 Provincial (Blue Sponge),0.362
72,Friendship/729 Battle 3,0.362
73,Nittaku Alhelg SR,0.362
74,Andro Rasant Turbo,0.362
75,JOOLA Maxxx 500,0.362
76,DHS Hurricane 3 (H3) Pro (Tuned),0.362
77,JOOLA Dynaryz ZGR,0.362
78,Gewo Proton Neo 475,0.362
79,Adidas TenZone,0.362
80,Xiom Omega V Asia,0.361
81,Xiom Omega VII Asia,0.361
82,Cornilleau Target Pro GT-H47,0.361
83,Butterfly Tenergy 80,0.361
84,DHS Skyline TG2,0.361
85,Donic BlueGrip C2,0.361
86,Tibhar Grip-S Europe,0.361
87,Loki Arthur Asia,0.36
88,Donic Bluefire M1 Turbo,0.359
89,Globe 999T,0.359
90,Yinhe Apollo 5,0.359
91,Gewo Hype XT Pro 50.0,0.359
92,Tibhar Evolution MX-P,0.359
93,Nittaku Fastarc P-1,0.358
94,Nittaku Goriki Kaisoku,0.358
95,Butterfly Dignics 64,0.358
96,Tibhar 1Q XD,0.358
97,Friendship/729 Battle II,0.358
98,Yinhe Big Dipper,0.357
99,XuShaoFa 999 ZCD,0.357
100,Nittaku Sieger PK50,0.357
101,Tibhar Nianmor,0.357
102,DHS NEO Skyline 3 TG3,0.357
103,Friendship/729 729-08,0.357
104,Tibhar Grip-S,0.357
105,Palio CJ8000 Biotech 40-42°,0.357
106,Yinhe Sun,0.357
107,Butterfly Tenergy 05 FX,0.356
108,Stiga Calibra LT Plus,0.356
109,Gewo Nexxus EL Pro 50 Hard,0.356
110,Loki GTX Pro,0.356
111,Giant Dragon TopENERGY Soft,0.356
112,Xiom Omega IV Pro,0.355
113,DHS NEO Skyline 2 TG2,0.355
114,Gewo Neoflexx EFT 48,0.355
115,Xiom Omega V Tour,0.355
116,Butterfly Tenergy 64,0.355
117,Butterfly Tenergy 19,0.355
118,Adidas TenZone SF,0.355
119,Tibhar Evolution EL-P,0.355
120,Friendship/729 729,0.355
121,Andro Rasant Grip,0.354
122,Butterfly Tackifire Special-Soft,0.354
123,Yasaka Rising Dragon,0.354
124,Loki RXTON 5,0.354
125,Victas V > 15 Extra,0.354
126,Nittaku Fastarc G-1,0.353
127,Butterfly Bryce Speed,0.353
128,Yasaka Rakza XX,0.353
129,Kokutaku 868 Training Rubber,0.353
130,DHS Tin Arc 3,0.353
131,JOOLA Golden Tango PS,0.353
132,Donic Bluestorm Z1 Turbo,0.353
133,Friendship/729 729-2 Sensor,0.352
134,Donic Bluefire M1,0.352
135,Donic Acuda S1 Turbo,0.352
136,Nittaku DHS Hurricane 3,0.352
137,Reactor Corbor,0.352
138,JOOLA Rhyzm,0.352
139,Butterfly Tenergy 25 FX,0.352
140,Gewo Nexxus XT Pro 50 Hard,0.352
141,Andro Rasanter R48,0.352
142,DHS Gold Arc 3,0.351
143,Stiga Calibra LT,0.351
144,Donic Traction MS Pro,0.351
145,Stiga Mantra H,0.351
146,Donic Bluestorm Pro AM,0.351
147,Palio Hadou Biotech,0.351
148,Palio Aeolus,0.351
149,Tibhar Hybrid K1 European Version,0.351
150,Reactor Tornado V5,0.351
151,Andro Hexer HD,0.351
152,Victas V > 20 Double Extra,0.35
153,Friendship/729 Higher,0.35
154,Stiga DNA Pro H,0.35
155,Andro Hexer Powergrip,0.35
156,Xiom Vega X,0.35
157,Donic Baracuda,0.35
158,JOOLA Maxxx 450,0.349
159,Donic Bluefire JP 01,0.349
160,Andro Rasant,0.349
161,Gewo Nexxus EL Pro 48,0.349
162,Xiom Omega V Euro,0.349
163,Andro Rasanter R47,0.349
164,Xiom Vega China VM,0.349
165,Donic Acuda Blue P1 Turbo,0.348
166,Donic Bluefire JP 01 Turbo,0.348
167,Tibhar Hybrid K3,0.348
168,Adidas Tenzone Ultra,0.348
169,Tibhar Evolution EL-S,0.348
170,Friendship/729 Faster (Fenghun),0.348
171,JOOLA Dynaryz AGR,0.348
172,Victas VJC > 07 Sticky Extra,0.348
173,TSP Agrit Speed,0.348
174,Darker VLON-S Blue V,0.348
175,Palio CJ8000 Biotech 36-38° Japanese Sponge,0.348
176,Tibhar Genius,0.348
177,Butterfly Tenergy 64 FX,0.348
178,Donic Bluestorm Z1,0.347
179,Xiom Omega V Pro,0.347
180,Yinhe Jupiter II,0.347
181,Dawei 2008 (Super Power),0.347
182,Donic Bluefire JP 02,0.347
183,Butterfly Tenergy 80 FX,0.347
184,Xiom Sigma II Euro,0.347
185,Friendship/729 Super FX Blue Sponge,0.346
186,DHS Hurricane 2 (No. 19 Sponge),0.346
187,Gewo Flexxon,0.346
188,Tibhar 5Q Update,0.345
189,Donic Bluefire M3,0.345
190,Andro Rasanter V47,0.345
191,Yasaka Valmo,0.345
192,DHS PF4 40+,0.345
193,Tibhar Aurus Prime,0.344
194,Yasaka Rakza 9,0.344
195,Dawei Inspirit,0.344
196,Butterfly Tackifire C,0.344
197,JOOLA Dynaryz ACC,0.344
198,Nittaku Hurricane 3 NEO,0.344
199,Xiom Vega Pro,0.344
200,KTL (LKT) Red Diamond,0.344
201,Sanwei T88-III,0.343
202,Butterfly Glayzer,0.343
203,Andro Rasanter C48,0.343
204,DHS Tin Arc,0.343
205,Stiga Airoc Astro M,0.343
206,Gewo NanoFlex FT48,0.342
207,Nittaku Alhelg,0.342
208,DHS Skyline TG3 (No. 21 Blue Sponge),0.342
209,DHS Tin Arc 5,0.342
210,Stiga Genesis M,0.342
211,Tibhar Evolution FX-S,0.341
212,Donic Bluefire M2,0.341
213,Friendship/729 SP Transcend,0.341
214,Butterfly Sapphira,0.341
215,Friendship/729 Faster 3 (Fenghun 3),0.341
216,Gewo Hype EL Pro 47.5,0.341
217,Donic Coppa Speed,0.34
218,Victas V>22 Double Extra,0.34
219,Yasaka Rakza 7,0.34
220,Andro Hexer,0.339
221,Tibhar Quantum S,0.339
222,DHS Memo,0.339
223,DHS Hurricane 3-50,0.339
224,Friendship/729 Focus 1,0.339
225,Donic Acuda Blue P1,0.339
226,Victas V > 15 Stiff,0.339
227,KTL (LKT) Pro XT Silver Dragon,0.339
228,JOOLA Rhyzer Pro 50,0.339
229,JOOLA Rhyzm-P,0.339
230,Yinhe Apollo,0.338
231,Yinhe Moon Pro,0.338
232,Yasaka Rigan Spin,0.338
233,DHS Memo 3,0.338
234,Adidas P7,0.338
235,Gewo Proton Neo 450,0.337
236,Killerspin Fortissimo,0.337
237,Nittaku Renanos Hold,0.337
238,Stiga DNA Dragon Grip,0.337
239,Yasaka Rakza X,0.337
240,Globe 999,0.337
241,JOOLA MAXXX-P,0.337
242,Yinhe Mercury II,0.337
243,Nittaku Fastarc C-1,0.337
244,Gewo Hype KR Pro 47.5,0.336
245,Victas VJ > 07 Stiff,0.336
246,Nittaku Galze,0.336
247,Gewo NanoFLEX FT45,0.336
248,Victas V > 01 Stiff,0.336
249,Donic Bluefire JP 03,0.336
250,Giant Dragon SuperSpin G3 Soft,0.336
251,Xiom Omega VII Pro,0.336
252,TSP Regalis Blue,0.336
253,Gewo NanoFLEX FT40,0.336
254,Andro Rasanter R45,0.335
255,JOOLA Rhyzer 48,0.335
256,Donic Baracuda Big Slam,0.335
257,Nittaku Hammond Z2,0.335
258,TSP Ventus Speed,0.335
259,Andro Rasanter V42,0.335
260,Loki RXTON 3,0.335
261,Stiga Airoc M,0.334
262,Adidas P5,0.334
263,XuShaoFa 999 LSZ,0.334
264,Yasaka Shining Dragon,0.334
265,JOOLA Express X-plode,0.334
266,Xiom Omega IV Asia,0.333
267,Stiga Magna TX,0.333
268,Andro Backside 2.0D,0.333
269,Tibhar 5Q VIP,0.333
270,Tibhar 5Q,0.332
271,Butterfly Bryce Speed FX,0.332
272,Andro Rasant Powersponge,0.332
273,Palio Hadou 40+,0.332
274,Nittaku Narucross EX Hard,0.332
275,Tibhar Evolution FX-P,0.332
276,Nittaku Flyatt Spin,0.331
277,Tibhar Grip-S Europe Soft,0.331
278,Tibhar 1Q,0.331
279,Tibhar Hybrid MK,0.331
280,Xiom Vega Japan,0.331
281,Donic Bluestorm Z2,0.331
282,Stiga DNA Pro M,0.331
283,Dawei Saviga,0.331
284,DHS PF4,0.331
285,Xiom Omega IV Euro,0.33
286,Victas V > 15 Limber,0.33
287,Donic Acuda S1,0.33
288,Andro Hexer Duro,0.33
289,Adidas TenZone Ultra SF,0.33
290,Palio Blitz,0.329
291,Tibhar Nimbus VIP,0.329
292,Stiga Genesis S,0.329
293,Gewo Flexxon FX,0.329
294,Butterfly Aibiss,0.329
295,Donic Coppa X1 Turbo Platin,0.329
296,Andro Hexer Grip,0.329
297,Butterfly Sriver L,0.329
298,Andro Plaxon 400,0.328
299,Donic Acuda Blue P2,0.328
300,Xiom Omega 2 Asian,0.328
301,Yinhe 9000 3 Star,0.328
302,Tibhar Sinus,0.328
303,Yinhe Mercury III EURO,0.328
304,Stiga Mantra M,0.327
305,Haifu Blue Whale II (2) (Tuned),0.327
306,Victas V > 01,0.327
307,Butterfly Bryce High Speed,0.327
308,Friendship/729 729-08 Pro,0.327
309,Tibhar Aurus,0.327
310,Gewo Flexxon Soft,0.327
311,Yasaka Mark V HPS Soft,0.327
312,DHS Skyline 3-60 Mid Hard,0.327
313,Friendship/729 729-08 ES,0.326
314,Tibhar Genius+ Optimum,0.326
315,Stiga Boost TP,0.326
316,Tibhar Aurus Select,0.326
317,Friendship/729 729-5,0.326
318,Palio CJ8000 36-38°,0.326
319,Butterfly Glayzer 09C,0.326
320,TSP Regalis Red,0.326
321,Palio CJ8000 Extreme Spin,0.326
322,Andro Impuls Powersponge,0.325
323,Palio Hidden Dragon Biotech,0.325
324,Donic Coppa,0.325
325,Xiom Omega VII Euro,0.325
326,Victas VS > 402 Limber,0.324
327,Stiga Airoc S,0.324
328,Butterfly Sriver G3,0.324
329,Friendship/729 Super FX,0.324
330,Butterfly Sriver G2,0.324
331,Andro Rasant Beat,0.324
332,KTL (LKT) Rapid Speed,0.324
333,Yasaka Zap Biotech 36-38,0.323
334,Yasaka V Stage,0.323
335,Yasaka Rakza X Soft,0.323
336,Palio HK1997 Biotech,0.323
337,Butterfly Tackifire C Soft,0.323
338,Gewo Hype EL Pro 42.5,0.323
339,Adidas P3,0.323
340,DHS Gold Arc 5,0.323
341,Yasaka Mark V GPS Soft,0.322
342,JOOLA Express Two,0.322
343,Yinhe Mars V2,0.322
344,Yasaka Rakza 7 Soft,0.322
345,Friendship/729 Battle II Provincial (Battle 2 Provincial),0.322
346,Donic Vario Big Slam,0.322
347,Donic Acuda S2,0.322
348,Stiga Almana,0.322
349,Stiga Airoc Astro S,0.322
350,Tibhar 5Q Sound,0.322
351,Butterfly Tackiness Drive,0.321
352,Gewo Nexxus EL Pro 43,0.321
353,Stiga Boost TX,0.321
354,Friendship/729 General (Cross sponge),0.321
355,JOOLA X-Plode Sensitive,0.321
356,Gewo Nexxus EL Pro 38,0.321
357,Yasaka Mark V HPS,0.321
358,Stiga Mantra S,0.321
359,Yinhe Moon Speed,0.321
360,Andro Hexer+,0.32
361,Andro Hexer Powergrip SFX,0.32
362,Butterfly Sriver G2 FX,0.32
363,Andro Good,0.32
364,Andro GTT 45,0.32
365,Andro Roxon 500 Pro,0.32
366,Stiga Calibra Tour M,0.32
367,Friendship/729 Cream Transcend,0.32
368,Andro Rasanter R42,0.319
369,DHS Hurricane 3-50 Soft,0.319
370,Butterfly Rozena,0.319
371,Sanwei Ultraspin T88,0.319
372,Haifu Blue Whale III (3) (Tuned),0.319
373,Friendship/729 40S,0.319
374,Butterfly Sriver G3 FX,0.319
375,Xiom Omega 3 Asian,0.319
376,Tibhar Nimbus,0.319
377,Donic J.O. Waldner,0.318
378,Butterfly Bryce,0.318
379,Donic Coppa X1 Gold,0.318
380,Yasaka Mark V XS,0.318
381,Tibhar Primus,0.318
382,Tibhar Aurus Soft,0.317
383,JOOLA Express One,0.317
384,Nittaku Flyatt Hard,0.317
385,Victas V > 01 Limber,0.317
386,TSP Ventus Spin,0.317
387,Donic Acuda S3,0.317
388,Friendship/729 RITC 2000 Tack Speed,0.316
389,Stiga Carbo Sound,0.316
390,Xiom Vega Asia,0.316
391,Yasaka Rigan,0.316
392,Yasaka New Era,0.316
393,Yasaka Mark V,0.316
394,Yinhe Earth 2,0.315
395,Tibhar Genius Sound,0.315
396,Palio HK1997 Gold,0.315
397,Palio CJ8000 2-Side Loop,0.315
398,Stiga China Extreme,0.315
399,Nittaku Hammond X,0.315
400,Air Illumina X88,0.315
401,Nittaku Fastarc S-1,0.315
402,TSP Agrit,0.314
403,Xiom Vega Tour,0.314
404,Yasaka Mark V M2,0.314
405,Andro Hexer Grip SFX,0.314
406,Sanwei Gears,0.314
407,Yasaka Xtend HS,0.314
408,Friendship/729 Higher 3,0.314
409,Butterfly Roundell,0.313
410,Nittaku Hammond Pro Beta,0.313
411,Tibhar Torpedo,0.313
412,Gewo Mega Flex Control,0.313
413,Palio CJ8000 Biotech 36-38°,0.312
414,Donic Acuda Blue P3,0.312
415,Nittaku Hammond CR,0.312
416,Tibhar Rapid X-Press,0.312
417,Gewo Hype EL Pro 40.0,0.312
418,Butterfly Sriver,0.312
419,JOOLA Mambo H,0.312
420,Donic Coppa X2 Platin Soft,0.312
421,Tibhar Quantum,0.311
422,Yinhe Moon,0.311
423,KTL (LKT) Black Power,0.311
424,Butterfly Bryce FX,0.311
425,Andro Rasanter R37,0.31
426,Stiga Magna,0.31
427,Friendship/729 Aurora,0.31
428,Tibhar Genius+ Optimum Sound,0.31
429,Donic Coppa JO Gold,0.309
430,Gewo Proton Neo 375,0.309
431,Andro Hexer Powersponge,0.309
432,Gewo Neoflexx EFT 45,0.308
433,Dawei Inspirit Quattro Ultralight 40,0.308
434,Butterfly Sriver EL,0.308
435,Loki RXTON I,0.307
436,Kokutaku BLutenkirsche 868 Tokyo Super Tacky Japanese,0.307
437,Stiga Optimum MP,0.307
438,Butterfly Tackifire Drive,0.307
439,Nittaku Factive,0.307
440,Friendship/729 Xi EnTing,0.307
441,Dawei Inspirit Quattro Ultralight SV 35,0.307
442,Sauer & Troger Secret Flow Chop,0.307
443,Donic Desto F1,0.307
444,Stiga Chop & Drive,0.306
445,Yinhe 9000D,0.306
446,Kokutaku Blutenkirsche 868 Tokyo,0.306
447,Donic Coppa X3 Silver,0.306
448,Palio CJ8000 38-41°,0.306
449,Andro Roxon 450,0.305
450,Donic BlueGrip S2,0.305
451,Xiom Vega Europe,0.305
452,Nittaku Magic Carbon,0.305
453,Yinhe Saturn Pro,0.305
454,Donic Akkadi Taichi,0.304
455,Tibhar Legend Destroyer,0.304
456,Tibhar Aurus Sound,0.304
457,Donic Desto F2,0.304
458,Stiga Calibra LT Spin,0.304
459,Tibhar Rapid,0.303
460,Yasaka Pryde 40,0.303
461,Donic Coppa JO Platin,0.303
462,Donic Sonex JP Gold,0.303
463,Stiga Boost TS,0.303
464,TSP Ventus Soft,0.303
465,Nittaku Narucross EX Soft,0.303
466,Andro Revo Fire,0.303
467,Donic Quattro A'Conda Soft,0.302
468,Nittaku Flyatt Soft,0.301
469,Butterfly Solcion,0.301
470,Kokutaku 868,0.301
471,Stiga Magna TC II (2),0.301
472,TSP Rise Speed,0.301
473,Xiom Musa,0.3
474,Yasaka Xtend,0.3
475,GKI Euro-XX,0.3
476,JOOLA Tango Extrem,0.299
477,Stiga Power LT,0.299
478,Yinhe Venus,0.298
479,Donic Coppa JO Silver,0.298
480,Stiga Almana Sound SynergyTech,0.298
481,Andro Plasma 470,0.298
482,Butterfly Cermet,0.298
483,Friendship/729 GeoSpin Tacky,0.298
484,JOOLA Energy Green Power,0.298
485,Gewo Hype XT Pro 40.0,0.298
486,Tibhar Sinus Alpha,0.298
487,JOOLA Samba+,0.298
488,Yasaka Mark V AD,0.297
489,JOOLA Energy X-tra (Green Power),0.297
490,Stiga Calibra LT Sound,0.296
491,Victas V > 11 Extra,0.296
492,Butterfly Tackiness Chop 2,0.296
493,JOOLA Topspin C,0.296
494,Tibhar Vari Spin,0.296
495,Xiom Vega Intro,0.296
496,Giant Dragon Submarine,0.295
497,Palio Macro Era,0.295
498,Palio CJ8000 Biotech 39-41°,0.295
499,Stiga Calibra Tour S,0.295
500,Tuttle Beijing 4,0.295
501,Butterfly Sriver FX,0.294
502,Stiga Mendo,0.294
503,Donic Bluestorm Z3,0.293
504,Palio AK 47 Yellow Sponge,0.293
505,Butterfly Roundell Soft,0.293
506,Yasaka Pryde,0.293
507,Xiom Omega IV Elite,0.293
508,Andro Plasma Women,0.292
509,JOOLA Samba,0.292
510,Stiga Boost TC,0.291
511,Andro Roxon 330,0.291
512,Nittaku Hammond,0.29
513,Donic Vario,0.29
514,Donic Quattro Formula,0.29
515,Friendship/729 729 OEM,0.289
516,Gewo Proton Neo 325,0.289
517,Donic Coppa JO Platin Soft,0.289
518,Butterfly Tackiness Chop,0.288
519,Air Illumina,0.288
520,SpinLord Tiger,0.288
521,JOOLA Phenix (Phoenix),0.287
522,Nittaku Hammond Pro Alpha,0.287
523,JOOLA Mambo,0.286
524,KTL (LKT) Rapid Sound,0.286
525,Stiga Drive,0.285
526,Palio AK 47 Red,0.285
527,Yasaka Mark V GPS,0.285
528,Andro Plasma 430,0.285
529,TSP Triple Spin Chop,0.285
530,Xiom Vega Euro DF,0.283
531,Donic Slice 40,0.283
532,Stiga Mendo MP,0.283
533,Stiga Neos Sound SynergyTech,0.282
534,Donic Desto F3,0.282
535,Andro Plasma 380,0.282
536,Palio AK 47 Blue,0.282
537,Stiga Mendo Energy,0.281
538,Reactor Ckylin New (Blue Sponge),0.281
539,Haifu White Shark II (2) (Tuned),0.281
540,Butterfly Yuki,0.281
541,Stiga Evo,0.281
542,Yasaka Anti Power (Anti-spin),0.28
543,Donic Coppa Tagora,0.279
544,SpinLord Marder II,0.278
545,Stiga Neos Tacky,0.278
546,Donic Liga,0.278
547,Tibhar Volcano,0.277
548,KTL (LKT) Red Diamond (Golden Cake Sponge),0.277
549,Tibhar Super 40 Defense,0.277
550,Juic Neo Anti (Anti-spin),0.277
551,Tibhar Rapid Soft,0.277
552,KTL (LKT) Torrent,0.276
553,Gewo Neoflexx EFT 40,0.276
554,Friendship/729 Focus 3,0.275
555,Tibhar Nimbus Soft,0.273
556,Xiom Vega Elite,0.273
557,KTL (LKT) Pro XP,0.272
558,Tibhar Sinus Sound,0.271
559,Bomb Mopha,0.27
560,JOOLA Air! ROSnet,0.27
561,SpinLord Marder,0.269
562,61 Second Lightning DS LST,0.269
563,Xiom Yanus DF,0.269
564,Friendship/729 Focus 3 Snipe,0.267
565,Andro Impuls Speed,0.267
566,Stiga Neos Sound,0.266
567,Donic Desto F3 Big Slam,0.266
568,Friendship/729 FX EL Super Soft,0.265
569,Yasaka Mark V 30°,0.262
570,Friendship/729 FX Lightening (Lightning),0.26
571,Tibhar Nimbus Sound,0.259
572,CTT National Strike,0.258
573,Gambler Outlaw (Tuned),0.258
574,Stiga Cobra 2000,0.257
575,Friendship/729 Sky Wing,0.255
576,Stiga Innova Ultra Light,0.254
577,JOOLA 4 You,0.254
578,Stiga Innova Ultra Light SynergyTech,0.253
579,KTL (LKT) Rapid Soft,0.253
580,Butterfly Flextra,0.249
581,KTL (LKT) Pro XT,0.248
582,Friendship/729 804 (Anti-spin),0.247
583,Tuttle Prevention Arc,0.243
584,Gambler Reflectoid,0.239
585,Butterfly Super Anti (Anti-spin),0.238
586,Nittaku Best Anti (Anti-spin),0.216
587,Butterfly Wakaba,0.215
588,Butterfly Pan Asia,0.191
589,Butterfly Addoy,0.173
